id,new_name,old_name
0001,0001_BN17.pdf,David_Bly_BN17.pdf
0002,0002_BN43.pdf,David_Bly_BN43.pdf
0003,0003_BR1.pdf,David_Bly_BR1.pdf
0004,0004_BS35.pdf,David_Bly_BS35.pdf
0005,0005_CM3.pdf,David_Bly_CM3.pdf
0006,0006_CM9.pdf,David_Bly_CM9 (2).pdf
0007,0007_CM9.pdf,David_Bly_CM9 (3).pdf
0008,0008_CM9.pdf,David_Bly_CM9 (4).pdf
0009,0009_CM9.pdf,David_Bly_CM9.pdf
0010,0010_CR0.pdf,David_Bly_CR0 (1).pdf
0011,0011_CR0.pdf,David_Bly_CR0.pdf
0012,0012_CR8.pdf,David_Bly_CR8.pdf
0013,0013_CT5.pdf,David_Bly_CT5.pdf
0014,0014_DA11.pdf,David_Bly_DA11.pdf
0015,0015_DA12.pdf,David_Bly_DA12.pdf
0016,0016_DA16.pdf,David_Bly_DA16.pdf
0017,0017_E7.pdf,David_Bly_E7.pdf
0018,0018_EC1M.pdf,David_Bly_EC1M.pdf
0019,0019_EX14.pdf,David_Bly_EX14.pdf
0020,0020_GL10.pdf,David_Bly_GL10.pdf
0021,0021_GU19.pdf,David_Bly_GU19.pdf
0022,0022_GU24.pdf,David_Bly_GU24.pdf
0023,0023_GU3.pdf,David_Bly_GU3.pdf
0024,0024_GU31.pdf,David_Bly_GU31.pdf
0025,0025_GU9.pdf,David_Bly_GU9.pdf
0026,0026_HP23.pdf,David_Bly_HP23.pdf
0027,0027_IP25.pdf,David_Bly_IP25.pdf
0028,0028_KT7.pdf,David_Bly_KT7.pdf
0029,0029_L19.pdf,David_Bly_L19.pdf
0030,0030_LU1.pdf,David_Bly_LU1 (2).pdf
0031,0031_LU1.pdf,David_Bly_LU1 (3).pdf
0032,0032_LU1.pdf,David_Bly_LU1 (4).pdf
0033,0033_LU1.pdf,David_Bly_LU1 (6).pdf
0034,0034_LU1.pdf,David_Bly_LU1.pdf
0035,0035_LU2.pdf,David_Bly_LU2 (2).pdf
0036,0036_LU2.pdf,David_Bly_LU2.pdf
0037,0037_LU3.pdf,David_Bly_LU3 (2).pdf
0038,0038_LU3.pdf,David_Bly_LU3 (3).pdf
0039,0039_LU3.pdf,David_Bly_LU3.pdf
0040,0040_LU4.pdf,David_Bly_LU4 (2).pdf
0041,0041_LU4.pdf,David_Bly_LU4 (3).pdf
0042,0042_LU4.pdf,David_Bly_LU4 (4).pdf
0043,0043_LU4.pdf,David_Bly_LU4 (5).pdf
0044,0044_LU4.pdf,David_Bly_LU4.pdf
0045,0045_ME1.pdf,David_Bly_ME1 (2).pdf
0046,0046_ME1.pdf,David_Bly_ME1 (3).pdf
0047,0047_ME1.pdf,David_Bly_ME1 (4).pdf
0048,0048_ME1.pdf,David_Bly_ME1.pdf
0049,0049_ME2.pdf,David_Bly_ME2 (2).pdf
0050,0050_ME2.pdf,David_Bly_ME2 (3).pdf
0051,0051_ME2.pdf,David_Bly_ME2.pdf
0052,0052_ME3.pdf,David_Bly_ME3.pdf
0053,0053_ME4.pdf,David_Bly_ME4 (2).pdf
0054,0054_ME4.pdf,David_Bly_ME4.pdf
0055,0055_ME5.pdf,David_Bly_ME5.pdf
0056,0056_NG17.pdf,David_Bly_NG17.pdf
0057,0057_NW6.pdf,David_Bly_NW6.pdf
0058,0058_NW7.pdf,David_Bly_NW7.pdf
0059,0059_PO1.pdf,David_Bly_PO1.pdf
0060,0060_PO15.pdf,David_Bly_PO15.pdf
0061,0061_PO20.pdf,David_Bly_PO20.pdf
0062,0062_PO3.pdf,David_Bly_PO3.pdf
0063,0063_PO5.pdf,David_Bly_PO5.pdf
0064,0064_PO6.pdf,David_Bly_PO6.pdf
0065,0065_PO7.pdf,David_Bly_PO7.pdf
0066,0066_PO8.pdf,David_Bly_PO8 (2).pdf
0067,0067_PO8.pdf,David_Bly_PO8.pdf
0068,0068_RG1.pdf,David_Bly_RG1.pdf
0069,0069_RG2.pdf,David_Bly_RG2.pdf
0070,0070_RG29.pdf,David_Bly_RG29.pdf
0071,0071_RG31.pdf,David_Bly_RG31.pdf
0072,0072_RH10.pdf,David_Bly_RH10.pdf
0073,0073_RH11.pdf,David_Bly_RH11.pdf
0074,0074_RH19.pdf,David_Bly_RH19.pdf
0075,0075_RH20.pdf,David_Bly_RH20.pdf
0076,0076_SE6.pdf,David_Bly_SE6.pdf
0077,0077_SM2.pdf,David_Bly_SM2.pdf
0078,0078_SN8.pdf,David_Bly_SN8.pdf
0079,0079_SO16.pdf,David_Bly_SO16.pdf
0080,0080_SO19.pdf,David_Bly_SO19.pdf
0081,0081_SO31.pdf,David_Bly_SO31 (2).pdf
0082,0082_SO31.pdf,David_Bly_SO31.pdf
0083,0083_SO50.pdf,David_Bly_SO50 (2).pdf
0084,0084_SO50.pdf,David_Bly_SO50.pdf
0085,0085_SO53.pdf,David_Bly_SO53.pdf
0086,0086_SS12.pdf,David_Bly_SS12.pdf
0087,0087_SS15.pdf,David_Bly_SS15.pdf
0088,0088_SW6.pdf,David_Bly_SW6.pdf
0089,0089_TA6.pdf,David_Bly_TA6.pdf
0090,0090_TA9.pdf,David_Bly_TA9.pdf
0091,0091_TN18.pdf,David_Bly_TN18.pdf
0092,0092_TN22.pdf,David_Bly_TN22.pdf
0093,0093_TN39.pdf,David_Bly_TN39.pdf
0094,0094_W12.pdf,David_Bly_W12.pdf
0095,0095_BH1.pdf,David_Bly_BH1.pdf
0096,0096_BH12.pdf,David_Bly_BH12.pdf
0097,0097_BH21.pdf,David_Bly_BH21.pdf
0098,0098_BN11.pdf,David_Bly_BN11.pdf
0099,0099_BN12.pdf,David_Bly_BN12.pdf
0100,0100_BN16.pdf,David_Bly_BN16.pdf
0101,0101_BN17.pdf,David_Bly_BN17 (2).pdf
0102,0102_BN17.pdf,David_Bly_BN17 (3).pdf
0103,0103_BN17.pdf,David_Bly_BN17.pdf
0104,0104_BN18.pdf,David_Bly_BN18.pdf
0105,0105_BN21.pdf,David_Bly_BN21.pdf
0106,0106_BN22.pdf,David_Bly_BN22.pdf
0107,0107_BS23.pdf,David_Bly_BS23.pdf
0108,0108_BS24.pdf,David_Bly_BS24.pdf
0109,0109_BS26.pdf,David_Bly_BS26 (2).pdf
0110,0110_BS26.pdf,David_Bly_BS26.pdf
0111,0111_BS27.pdf,David_Bly_BS27.pdf
0112,0112_CA1.pdf,David_Bly_CA1.pdf
0113,0113_CA11.pdf,David_Bly_CA11.pdf
0114,0114_CF23.pdf,David_Bly_CF23.pdf
0115,0115_CH7.pdf,David_Bly_CH7.pdf
0116,0116_CM12.pdf,David_Bly_CM12.pdf
0117,0117_CM18.pdf,David_Bly_CM18.pdf
0118,0118_CM20.pdf,David_Bly_CM20.pdf
0119,0119_CM6.pdf,David_Bly_CM6.pdf
0120,0120_CO14.pdf,David_Bly_CO14.pdf
0121,0121_CO2.pdf,David_Bly_CO2.pdf
0122,0122_CO4.pdf,David_Bly_CO4.pdf
0123,0123_CO6.pdf,David_Bly_CO6.pdf
0124,0124_CR0.pdf,David_Bly_CR0 (2).pdf
0125,0125_CR0.pdf,David_Bly_CR0.pdf
0126,0126_CR3.pdf,David_Bly_CR3.pdf
0127,0127_CR8.pdf,David_Bly_CR8.pdf
0128,0128_CT6.pdf,David_Bly_CT6.pdf
0129,0129_CT9.pdf,David_Bly_CT9 (2).pdf
0130,0130_CT9.pdf,David_Bly_CT9.pdf
0131,0131_DA10.pdf,David_Bly_DA10.pdf
0132,0132_DT4.pdf,David_Bly_DT4 (2).pdf
0133,0133_DT4.pdf,David_Bly_DT4 (3).pdf
0134,0134_DT4.pdf,David_Bly_DT4.pdf
0135,0135_DT5.pdf,David_Bly_DT5 (2).pdf
0136,0136_DT5.pdf,David_Bly_DT5.pdf
0137,0137_E1.pdf,David_Bly_E1.pdf
0138,0138_E12.pdf,David_Bly_E12.pdf
0139,0139_E7.pdf,David_Bly_E7 (2).pdf
0140,0140_E7.pdf,David_Bly_E7 (3).pdf
0141,0141_E7.pdf,David_Bly_E7 (4).pdf
0142,0142_E7.pdf,David_Bly_E7 (5).pdf
0143,0143_E8.pdf,David_Bly_E8 (2).pdf
0144,0144_E8.pdf,David_Bly_E8.pdf
0145,0145_EN3.pdf,David_Bly_EN3.pdf
0146,0146_FK7.pdf,David_Bly_FK7.pdf
0147,0147_GU25.pdf,David_Bly_GU25.pdf
0148,0148_GU27.pdf,David_Bly_GU27.pdf
0149,0149_GU3.pdf,David_Bly_GU3.pdf
0150,0150_GU30.pdf,David_Bly_GU30.pdf
0151,0151_HA4.pdf,David_Bly_HA4 (2).pdf
0152,0152_HA4.pdf,David_Bly_HA4.pdf
0153,0153_HP3.pdf,David_Bly_HP3.pdf
0154,0154_HP8.pdf,David_Bly_HP8.pdf
0155,0155_IV25.pdf,David_Bly_IV25.pdf
0156,0156_KT6.pdf,David_Bly_KT6.pdf
0157,0157_LE7.pdf,David_Bly_LE7.pdf
0158,0158_LU1.pdf,David_Bly_LU1 (2).pdf
0159,0159_LU1.pdf,David_Bly_LU1 (5).pdf
0160,0160_LU1.pdf,David_Bly_LU1.pdf
0161,0161_LU2.pdf,David_Bly_LU2.pdf
0162,0162_LU3.pdf,David_Bly_LU3.pdf
0163,0163_LU4.pdf,David_Bly_LU4.pdf
0164,0164_ME1.pdf,David_Bly_ME1.pdf
0165,0165_ME14.pdf,David_Bly_ME14.pdf
0166,0166_ME15.pdf,David_Bly_ME15.pdf
0167,0167_ME19.pdf,David_Bly_ME19.pdf
0168,0168_ME2.pdf,David_Bly_ME2 (2).pdf
0169,0169_ME2.pdf,David_Bly_ME2.pdf
0170,0170_ME3.pdf,David_Bly_ME3.pdf
0171,0171_ME4.pdf,David_Bly_ME4.pdf
0172,0172_ME5.pdf,David_Bly_ME5.pdf
0173,0173_ME8.pdf,David_Bly_ME8.pdf
0174,0174_MK41.pdf,David_Bly_MK41.pdf
0175,0175_MK8.pdf,David_Bly_MK8.pdf
0176,0176_N1.pdf,David_Bly_N1 (2).pdf
0177,0177_N1.pdf,David_Bly_N1.pdf
0178,0178_N16.pdf,David_Bly_N16.pdf
0179,0179_N19.pdf,David_Bly_N19.pdf
0180,0180_N20.pdf,David_Bly_N20.pdf
0181,0181_N8.pdf,David_Bly_N8 (2).pdf
0182,0182_N8.pdf,David_Bly_N8.pdf
0183,0183_NE43.pdf,David_Bly_NE43.pdf
0184,0184_NW10.pdf,David_Bly_NW10.pdf
0185,0185_NW11.pdf,David_Bly_NW11.pdf
0186,0186_NW2.pdf,David_Bly_NW2.pdf
0187,0187_NW8.pdf,David_Bly_NW8 (2).pdf
0188,0188_NW8.pdf,David_Bly_NW8.pdf
0189,0189_OX16.pdf,David_Bly_OX16.pdf
0190,0190_PL13.pdf,David_Bly_PL13.pdf
0191,0191_PL25.pdf,David_Bly_PL25.pdf
0192,0192_PO11#.pdf,David_Bly_PO11#.pdf
0193,0193_PO15.pdf,David_Bly_PO15.pdf
0194,0194_PO19.pdf,David_Bly_PO19.pdf
0195,0195_PO20.pdf,David_Bly_PO20 (2).pdf
0196,0196_PO21.pdf,David_Bly_PO21 (2).pdf
0197,0197_PO21.pdf,David_Bly_PO21.pdf
0198,0198_PO22.pdf,David_Bly_PO22 (2).pdf
0199,0199_PO22.pdf,David_Bly_PO22.pdf
0200,0200_PO4.pdf,David_Bly_PO4 (2).pdf
0201,0201_PO4.pdf,David_Bly_PO4.pdf
0202,0202_PO7.pdf,David_Bly_PO7.pdf
0203,0203_PO9.pdf,David_Bly_PO9.pdf
0204,0204_PR3.pdf,David_Bly_PR3.pdf
0205,0205_RG27.pdf,David_Bly_RG27.pdf
0206,0206_RH10.pdf,David_Bly_RH10 (2).pdf
0207,0207_RH10.pdf,David_Bly_RH10.pdf
0208,0208_RH13.pdf,David_Bly_RH13.pdf
0209,0209_RH19.pdf,David_Bly_RH19.pdf
0210,0210_RM13.pdf,David_Bly_RM13.pdf
0211,0211_RM17.pdf,David_Bly_RM17.pdf
0212,0212_RM3.pdf,David_Bly_RM3.pdf
0213,0213_SA1.pdf,David_Bly_SA1.pdf
0214,0214_SE24.pdf,David_Bly_SE24.pdf
0215,0215_SE25.pdf,David_Bly_SE25.pdf
0216,0216_SE4.pdf,David_Bly_SE4.pdf
0217,0217_SE5.pdf,David_Bly_SE5.pdf
0218,0218_SE7.pdf,David_Bly_SE7.pdf
0219,0219_SG5.pdf,David_Bly_SG5.pdf
0220,0220_SL9.pdf,David_Bly_SL9 (2).pdf
0221,0221_SL9.pdf,David_Bly_SL9.pdf
0222,0222_SN10.pdf,David_Bly_SN10 (2).pdf
0223,0223_SN10.pdf,David_Bly_SN10.pdf
0224,0224_SO18.pdf,David_Bly_SO18.pdf
0225,0225_SO51.pdf,David_Bly_SO51 (2).pdf
0226,0226_SO51.pdf,David_Bly_SO51 (3).pdf
0227,0227_SO51.pdf,David_Bly_SO51.pdf
0228,0228_SS1.pdf,David_Bly_SS1.pdf
0229,0229_SS13.pdf,David_Bly_SS13.pdf
0230,0230_SS16.pdf,David_Bly_SS16 (2).pdf
0231,0231_SS16.pdf,David_Bly_SS16 (3).pdf
0232,0232_SS16.pdf,David_Bly_SS16.pdf
0233,0233_SS17.pdf,David_Bly_SS17.pdf
0234,0234_SS5.pdf,David_Bly_SS5.pdf
0235,0235_SW12.pdf,David_Bly_SW12.pdf
0236,0236_SW15.pdf,David_Bly_SW15 (2).pdf
0237,0237_SW15.pdf,David_Bly_SW15.pdf
0238,0238_SW18.pdf,David_Bly_SW18.pdf
0239,0239_SW1W.pdf,David_Bly_SW1W.pdf
0240,0240_SW6.pdf,David_Bly_SW6 (2).pdf
0241,0241_SW6.pdf,David_Bly_SW6 (3).pdf
0242,0242_SW6.pdf,David_Bly_SW6 (4).pdf
0243,0243_SW6.pdf,David_Bly_SW6 (5).pdf
0244,0244_SW6.pdf,David_Bly_SW6.pdf
0245,0245_TA5.pdf,David_Bly_TA5.pdf
0246,0246_BN18.pdf,David_Bly_BN18.pdf
0247,0247_TA6.pdf,David_Bly_TA6 (1).pdf
0248,0248_TA6.pdf,David_Bly_TA6 (10).pdf
0249,0249_TA6.pdf,David_Bly_TA6 (11).pdf
0250,0250_TA6.pdf,David_Bly_TA6 (12).pdf
0251,0251_TA6.pdf,David_Bly_TA6 (13).pdf
0252,0252_TA6.pdf,David_Bly_TA6 (14).pdf
0253,0253_TA6.pdf,David_Bly_TA6 (15).pdf
0254,0254_TA6.pdf,David_Bly_TA6 (2).pdf
0255,0255_TA6.pdf,David_Bly_TA6 (3).pdf
0256,0256_TA6.pdf,David_Bly_TA6 (4).pdf
0257,0257_TA6.pdf,David_Bly_TA6 (5).pdf
0258,0258_TA6.pdf,David_Bly_TA6 (6).pdf
0259,0259_TA6.pdf,David_Bly_TA6 (7).pdf
0260,0260_TA6.pdf,David_Bly_TA6 (8).pdf
0261,0261_TA6.pdf,David_Bly_TA6 (9).pdf
0262,0262_TA6.pdf,David_Bly_TA6.pdf
0263,0263_TA7.pdf,David_Bly_TA7 (2).pdf
0264,0264_TA7.pdf,David_Bly_TA7.pdf
0265,0265_TA8.pdf,David_Bly_TA8 (2).pdf
0266,0266_TA8.pdf,David_Bly_TA8 (3).pdf
0267,0267_TA8.pdf,David_Bly_TA8.pdf
0268,0268_TA9.pdf,David_Bly_TA9 (2).pdf
0269,0269_TA9.pdf,David_Bly_TA9 (3).pdf
0270,0270_TA9.pdf,David_Bly_TA9 (4).pdf
0271,0271_TA9.pdf,David_Bly_TA9 (5).pdf
0272,0272_TA9.pdf,David_Bly_TA9 (6).pdf
0273,0273_TA9.pdf,David_Bly_TA9 (7).pdf
0274,0274_TA9.pdf,David_Bly_TA9 (8).pdf
0275,0275_TA9.pdf,David_Bly_TA9.pdf
0276,0276_TN16.pdf,David_Bly_TN16.pdf
0277,0277_TN2.pdf,David_Bly_TN2.pdf
0278,0278_TN24.pdf,David_Bly_TN24.pdf
0279,0279_TN26.pdf,David_Bly_TN26.pdf
0280,0280_TN3.pdf,David_Bly_TN3.pdf
0281,0281_TN33.pdf,David_Bly_TN33.pdf
0282,0282_TN34.pdf,David_Bly_TN34 (2).pdf
0283,0283_TN34.pdf,David_Bly_TN34.pdf
0284,0284_TN37.pdf,David_Bly_TN37.pdf
0285,0285_TN38.pdf,David_Bly_TN38.pdf
0286,0286_TN9.pdf,David_Bly_TN9.pdf
0287,0287_TQ2.pdf,David_Bly_TQ2.pdf
0288,0288_TR15.pdf,David_Bly_TR15.pdf
0289,0289_TW18.pdf,David_Bly_TW18.pdf
0290,0290_W10.pdf,David_Bly_W10.pdf
0291,0291_W11.pdf,David_Bly_W11 (2).pdf
0292,0292_W11.pdf,David_Bly_W11.pdf
0293,0293_W12.pdf,David_Bly_W12.pdf
0294,0294_W14.pdf,David_Bly_W14.pdf
0295,0295_W2.pdf,David_Bly_W2.pdf
0296,0296_W6.pdf,David_Bly_W6 (2).pdf
0297,0297_W6.pdf,David_Bly_W6.pdf
0298,0298_W9.pdf,David_Bly_W9.pdf
0299,0299_WD24.pdf,David_Bly_WD24.pdf
0300,0300_CH7.pdf,David_Bly_CH7.pdf
0301,0301_AL7.pdf,David_Bly_AL7.pdf
0302,0302_B98.pdf,David_Bly_B98.pdf
0303,0303_BH1.pdf,David_Bly_BH1 (2).pdf
0304,0304_BH1 1.pdf,David_Bly_BH1 1.pdf
0305,0305_BH12.pdf,David_Bly_BH12 (2).pdf
0306,0306_BH12 1.pdf,David_Bly_BH12 1.pdf
0307,0307_BH14.pdf,David_Bly_BH14.pdf
0308,0308_BH16.pdf,David_Bly_BH16 (2).pdf
0309,0309_BH16.pdf,David_Bly_BH16 (3).pdf
0310,0310_BH16.pdf,David_Bly_BH16 (4).pdf
0311,0311_BH16.pdf,David_Bly_BH16 (5).pdf
0312,0312_BH16.pdf,David_Bly_BH16 (6).pdf
0313,0313_BH16.pdf,David_Bly_BH16.pdf
0314,0314_BH17.pdf,David_Bly_BH17.pdf
0315,0315_BH19.pdf,David_Bly_BH19 (2).pdf
0316,0316_BH19.pdf,David_Bly_BH19.pdf
0317,0317_BH2.pdf,David_Bly_BH2.pdf
0318,0318_BH20.pdf,David_Bly_BH20 (10).pdf
0319,0319_BH20.pdf,David_Bly_BH20 (11).pdf
0320,0320_BH20.pdf,David_Bly_BH20 (12).pdf
0321,0321_BH20.pdf,David_Bly_BH20 (13).pdf
0322,0322_BH20.pdf,David_Bly_BH20 (2).pdf
0323,0323_BH20.pdf,David_Bly_BH20 (3).pdf
0324,0324_BH20.pdf,David_Bly_BH20 (4).pdf
0325,0325_BH20.pdf,David_Bly_BH20 (5).pdf
0326,0326_BH20.pdf,David_Bly_BH20 (6).pdf
0327,0327_BH20.pdf,David_Bly_BH20 (7).pdf
0328,0328_BH20.pdf,David_Bly_BH20 (8).pdf
0329,0329_BH20.pdf,David_Bly_BH20 (9).pdf
0330,0330_BH20.pdf,David_Bly_BH20.pdf
0331,0331_BH21.pdf,David_Bly_BH21 (10).pdf
0332,0332_BH21.pdf,David_Bly_BH21 (11).pdf
0333,0333_BH21.pdf,David_Bly_BH21 (12).pdf
0334,0334_BH21.pdf,David_Bly_BH21 (13).pdf
0335,0335_BH21.pdf,David_Bly_BH21 (14).pdf
0336,0336_BH21.pdf,David_Bly_BH21 (15).pdf
0337,0337_BH21.pdf,David_Bly_BH21 (16).pdf
0338,0338_BH21.pdf,David_Bly_BH21 (17).pdf
0339,0339_BH21.pdf,David_Bly_BH21 (18).pdf
0340,0340_BH21.pdf,David_Bly_BH21 (19).pdf
0341,0341_BH21.pdf,David_Bly_BH21 (2).pdf
0342,0342_BH21.pdf,David_Bly_BH21 (20).pdf
0343,0343_BH21.pdf,David_Bly_BH21 (21).pdf
0344,0344_BH21.pdf,David_Bly_BH21 (22).pdf
0345,0345_BH21.pdf,David_Bly_BH21 (23).pdf
0346,0346_BH21.pdf,David_Bly_BH21 (24).pdf
0347,0347_BH21.pdf,David_Bly_BH21 (25).pdf
0348,0348_BH21.pdf,David_Bly_BH21 (26).pdf
0349,0349_BH21.pdf,David_Bly_BH21 (27).pdf
0350,0350_BH21.pdf,David_Bly_BH21 (28).pdf
0351,0351_BH21.pdf,David_Bly_BH21 (29).pdf
0352,0352_BH21.pdf,David_Bly_BH21 (3).pdf
0353,0353_BH21.pdf,David_Bly_BH21 (30).pdf
0354,0354_BH21.pdf,David_Bly_BH21 (31).pdf
0355,0355_BH21.pdf,David_Bly_BH21 (32).pdf
0356,0356_BH21.pdf,David_Bly_BH21 (4).pdf
0357,0357_BH21.pdf,David_Bly_BH21 (5).pdf
0358,0358_BH21.pdf,David_Bly_BH21 (6).pdf
0359,0359_BH21.pdf,David_Bly_BH21 (7).pdf
0360,0360_BH21.pdf,David_Bly_BH21 (8).pdf
0361,0361_BH21.pdf,David_Bly_BH21 (9).pdf
0362,0362_BH21 1.pdf,David_Bly_BH21 1.pdf
0363,0363_BH22.pdf,David_Bly_BH22 (10).pdf
0364,0364_BH22.pdf,David_Bly_BH22 (2).pdf
0365,0365_BH22.pdf,David_Bly_BH22 (3).pdf
0366,0366_BH22.pdf,David_Bly_BH22 (4).pdf
0367,0367_BH22.pdf,David_Bly_BH22 (5).pdf
0368,0368_BH22.pdf,David_Bly_BH22 (6).pdf
0369,0369_BH22.pdf,David_Bly_BH22 (7).pdf
0370,0370_BH22.pdf,David_Bly_BH22 (8).pdf
0371,0371_BH22.pdf,David_Bly_BH22 (9).pdf
0372,0372_BH22.pdf,David_Bly_BH22.pdf
0373,0373_BH23.pdf,David_Bly_BH23 (2).pdf
0374,0374_BH23.pdf,David_Bly_BH23.pdf
0375,0375_BH24.pdf,David_Bly_BH24 (2).pdf
0376,0376_BH24.pdf,David_Bly_BH24 (3).pdf
0377,0377_BH24 1.pdf,David_Bly_BH24 1.pdf
0378,0378_BH24.pdf,David_Bly_BH24.pdf
0379,0379_BH31.pdf,David_Bly_BH31 (2).pdf
0380,0380_BH31.pdf,David_Bly_BH31 (3).pdf
0381,0381_BH31.pdf,David_Bly_BH31 (4).pdf
0382,0382_BH31.pdf,David_Bly_BH31 (5).pdf
0383,0383_BH31.pdf,David_Bly_BH31 (6).pdf
0384,0384_BH31.pdf,David_Bly_BH31 (7).pdf
0385,0385_BH31.pdf,David_Bly_BH31 (8).pdf
0386,0386_BH31.pdf,David_Bly_BH31 (9).pdf
0387,0387_BH31 1.pdf,David_Bly_BH31 1.pdf
0388,0388_BH31.pdf,David_Bly_BH31.pdf
0389,0389_BH9.pdf,David_Bly_BH9.pdf
0390,0390_BN12.pdf,David_Bly_BN12 (2).pdf
0391,0391_BN13.pdf,David_Bly_BN13.pdf
0392,0392_BN15.pdf,David_Bly_BN15.pdf
0393,0393_BN16.pdf,David_Bly_BN16 (2).pdf
0394,0394_BN16.pdf,David_Bly_BN16 (3).pdf
0395,0395_BN16.pdf,David_Bly_BN16 (4).pdf
0396,0396_BN16.pdf,David_Bly_BN16 (5).pdf
0397,0397_BN16.pdf,David_Bly_BN16 (6).pdf
0398,0398_BN17.pdf,David_Bly_BN17 (10).pdf
0399,0399_BN17.pdf,David_Bly_BN17 (11).pdf
0400,0400_BN17.pdf,David_Bly_BN17 (12).pdf
0401,0401_BN17.pdf,David_Bly_BN17 (13).pdf
0402,0402_BN17.pdf,David_Bly_BN17 (14).pdf
0403,0403_BN17.pdf,David_Bly_BN17 (15).pdf
0404,0404_BN17.pdf,David_Bly_BN17 (16).pdf
0405,0405_BN17.pdf,David_Bly_BN17 (17).pdf
0406,0406_BN17.pdf,David_Bly_BN17 (18).pdf
0407,0407_BN17.pdf,David_Bly_BN17 (19).pdf
0408,0408_BN17.pdf,David_Bly_BN17 (20).pdf
0409,0409_BN17.pdf,David_Bly_BN17 (4).pdf
0410,0410_BN17.pdf,David_Bly_BN17 (5).pdf
0411,0411_BN17.pdf,David_Bly_BN17 (6).pdf
0412,0412_BN17.pdf,David_Bly_BN17 (7).pdf
0413,0413_BN17.pdf,David_Bly_BN17 (8).pdf
0414,0414_BN17.pdf,David_Bly_BN17 (9).pdf
0415,0415_BN18.pdf,David_Bly_BN18 (10).pdf
0416,0416_BN18.pdf,David_Bly_BN18 (11).pdf
0417,0417_BN18.pdf,David_Bly_BN18 (2).pdf
0418,0418_BN18.pdf,David_Bly_BN18 (3).pdf
0419,0419_BN18.pdf,David_Bly_BN18 (4).pdf
0420,0420_BN18.pdf,David_Bly_BN18 (5).pdf
0421,0421_BN18.pdf,David_Bly_BN18 (6).pdf
0422,0422_BN18.pdf,David_Bly_BN18 (7).pdf
0423,0423_BN18.pdf,David_Bly_BN18 (8).pdf
0424,0424_BN18.pdf,David_Bly_BN18 (9).pdf
0425,0425_BN2.pdf,David_Bly_BN2 (2).pdf
0426,0426_BN2.pdf,David_Bly_BN2 (3).pdf
0427,0427_BN2.pdf,David_Bly_BN2.pdf
0428,0428_BN21.pdf,David_Bly_BN21 (2).pdf
0429,0429_BN23.pdf,David_Bly_BN23.pdf
0430,0430_BN41.pdf,David_Bly_BN41.pdf
0431,0431_BN6.pdf,David_Bly_BN6 (2).pdf
0432,0432_BN6.pdf,David_Bly_BN6.pdf
0433,0433_BR3.pdf,David_Bly_BR3.pdf
0434,0434_BR4.pdf,David_Bly_BR4.pdf
0435,0435_BR5.pdf,David_Bly_BR5.pdf
0436,0436_BR7.pdf,David_Bly_BR7.pdf
0437,0437_BS27.pdf,David_Bly_BS27 (2).pdf
0438,0438_CA1.pdf,David_Bly_CA1 (2).pdf
0439,0439_CA3.pdf,David_Bly_CA3.pdf
0440,0440_CB8.pdf,David_Bly_CB8.pdf
0441,0441_CM0.pdf,David_Bly_CM0.pdf
0442,0442_CM1.pdf,David_Bly_CM1.pdf
0443,0443_CM20.pdf,David_Bly_CM20 (2).pdf
0444,0444_CM20 1.pdf,David_Bly_CM20 1.pdf
0445,0445_CM21.pdf,David_Bly_CM21.pdf
0446,0446_CM23.pdf,David_Bly_CM23 (2).pdf
0447,0447_CM23.pdf,David_Bly_CM23.pdf
0448,0448_CM24.pdf,David_Bly_CM24.pdf
0449,0449_CM3.pdf,David_Bly_CM3.pdf
0450,0450_CM9.pdf,David_Bly_CM9 (2).pdf
0451,0451_CM9.pdf,David_Bly_CM9 (3).pdf
0452,0452_CM9.pdf,David_Bly_CM9 (4).pdf
0453,0453_CM9.pdf,David_Bly_CM9.pdf
0454,0454_CR0.pdf,David_Bly_CR0 (3).pdf
0455,0455_CR0.pdf,David_Bly_CR0 (4).pdf
0456,0456_CR2.pdf,David_Bly_CR2.pdf
0457,0457_CR4.pdf,David_Bly_CR4.pdf
0458,0458_CT17.pdf,David_Bly_CT17.pdf
0459,0459_CT19.pdf,David_Bly_CT19.pdf
0460,0460_CT3.pdf,David_Bly_CT3 (2).pdf
0461,0461_CT3 1.pdf,David_Bly_CT3 1.pdf
0462,0462_CT3.pdf,David_Bly_CT3.pdf
0463,0463_CT6.pdf,David_Bly_CT6 (2).pdf
0464,0464_CT7.pdf,David_Bly_CT7.pdf
0465,0465_CT71.pdf,David_Bly_CT71.pdf
0466,0466_DA12.pdf,David_Bly_DA12.pdf
0467,0467_DA15.pdf,David_Bly_DA15.pdf
0468,0468_DA17.pdf,David_Bly_DA17.pdf
0469,0469_DA2.pdf,David_Bly_DA2.pdf
0470,0470_DA3.pdf,David_Bly_DA3 (2).pdf
0471,0471_DA3.pdf,David_Bly_DA3 (3).pdf
0472,0472_DA3.pdf,David_Bly_DA3.pdf
0473,0473_DA4.pdf,David_Bly_DA4.pdf
0474,0474_DE11.pdf,David_Bly_DE11.pdf
0475,0475_DT2.pdf,David_Bly_DT2 (2).pdf
0476,0476_DT2.pdf,David_Bly_DT2.pdf
0477,0477_DT3.pdf,David_Bly_DT3 (2).pdf
0478,0478_DT3.pdf,David_Bly_DT3 (3).pdf
0479,0479_DT3.pdf,David_Bly_DT3 (4).pdf
0480,0480_DT3.pdf,David_Bly_DT3.pdf
0481,0481_DT4.pdf,David_Bly_DT4 (10).pdf
0482,0482_DT4.pdf,David_Bly_DT4 (11).pdf
0483,0483_DT4.pdf,David_Bly_DT4 (12).pdf
0484,0484_DT4.pdf,David_Bly_DT4 (13).pdf
0485,0485_DT4.pdf,David_Bly_DT4 (14).pdf
0486,0486_DT4.pdf,David_Bly_DT4 (15).pdf
0487,0487_DT4 (2) 1.pdf,David_Bly_DT4 (2) 1.pdf
0488,0488_DT4 (3) 1.pdf,David_Bly_DT4 (3) 1.pdf
0489,0489_DT4.pdf,David_Bly_DT4 (4).pdf
0490,0490_DT4.pdf,David_Bly_DT4 (5).pdf
0491,0491_DT4.pdf,David_Bly_DT4 (6).pdf
0492,0492_DT4.pdf,David_Bly_DT4 (7).pdf
0493,0493_DT4.pdf,David_Bly_DT4 (8).pdf
0494,0494_DT4.pdf,David_Bly_DT4 (9).pdf
0495,0495_DT4.pdf,David_Bly_DT4.pdf
0496,0496_DT5 (2) 1.pdf,David_Bly_DT5 (2) 1.pdf
0497,0497_DT5 (3) 1.pdf,David_Bly_DT5 (3) 1.pdf
0498,0498_DT5.pdf,David_Bly_DT5 (3).pdf
0499,0499_DT5.pdf,David_Bly_DT5 (4).pdf
0500,0500_DT5 1.pdf,David_Bly_DT5 1.pdf
0501,0501_DY12.pdf,David_Bly_DY12.pdf
0502,0502_E1.pdf,David_Bly_E1 (2).pdf
0503,0503_E1.pdf,David_Bly_E1 (3).pdf
0504,0504_E13.pdf,David_Bly_E13.pdf
0505,0505_E15.pdf,David_Bly_E15 (2).pdf
0506,0506_E15.pdf,David_Bly_E15 (3).pdf
0507,0507_E15.pdf,David_Bly_E15.pdf
0508,0508_E17.pdf,David_Bly_E17.pdf
0509,0509_E2.pdf,David_Bly_E2.pdf
0510,0510_E7.pdf,David_Bly_E7 (6).pdf
0511,0511_E7.pdf,David_Bly_E7 (7).pdf
0512,0512_E7.pdf,David_Bly_E7 (8).pdf
0513,0513_E7.pdf,David_Bly_E7 (9).pdf
0514,0514_EC1M.pdf,David_Bly_EC1M (2).pdf
0515,0515_EC1M.pdf,David_Bly_EC1M (3).pdf
0516,0516_EC1M.pdf,David_Bly_EC1M (4).pdf
0517,0517_EC1M.pdf,David_Bly_EC1M (5).pdf
0518,0518_EC1M.pdf,David_Bly_EC1M (6).pdf
0519,0519_EC1M.pdf,David_Bly_EC1M (7).pdf
0520,0520_EC1M.pdf,David_Bly_EC1M.pdf
0521,0521_EX15.pdf,David_Bly_EX15 (2).pdf
0522,0522_EX15.pdf,David_Bly_EX15 (3).pdf
0523,0523_EX15.pdf,David_Bly_EX15 (4).pdf
0524,0524_EX15.pdf,David_Bly_EX15 (5).pdf
0525,0525_EX15.pdf,David_Bly_EX15 (6).pdf
0526,0526_EX15.pdf,David_Bly_EX15 (7).pdf
0527,0527_EX15.pdf,David_Bly_EX15 (8).pdf
0528,0528_EX15.pdf,David_Bly_EX15.pdf
0529,0529_GL52.pdf,David_Bly_GL52.pdf
0530,0530_GU11.pdf,David_Bly_GU11 (2).pdf
0531,0531_GU11.pdf,David_Bly_GU11 (3).pdf
0532,0532_GU11.pdf,David_Bly_GU11.pdf
0533,0533_GU12.pdf,David_Bly_GU12 (2).pdf
0534,0534_GU12.pdf,David_Bly_GU12 (3).pdf
0535,0535_GU12.pdf,David_Bly_GU12 (4).pdf
0536,0536_GU12.pdf,David_Bly_GU12 (5).pdf
0537,0537_GU12.pdf,David_Bly_GU12.pdf
0538,0538_GU14.pdf,David_Bly_GU14 (10).pdf
0539,0539_GU14.pdf,David_Bly_GU14 (11).pdf
0540,0540_GU14.pdf,David_Bly_GU14 (12).pdf
0541,0541_GU14.pdf,David_Bly_GU14 (13).pdf
0542,0542_GU14.pdf,David_Bly_GU14 (14).pdf
0543,0543_GU14.pdf,David_Bly_GU14 (2).pdf
0544,0544_GU14.pdf,David_Bly_GU14 (3).pdf
0545,0545_GU14.pdf,David_Bly_GU14 (4).pdf
0546,0546_GU14.pdf,David_Bly_GU14 (5).pdf
0547,0547_GU14.pdf,David_Bly_GU14 (6).pdf
0548,0548_GU14.pdf,David_Bly_GU14 (7).pdf
0549,0549_GU14.pdf,David_Bly_GU14 (8).pdf
0550,0550_GU14.pdf,David_Bly_GU14 (9).pdf
0551,0551_GU14.pdf,David_Bly_GU14.pdf
0552,0552_GU30.pdf,David_Bly_GU30 (2).pdf
0553,0553_GU31.pdf,David_Bly_GU31 (2).pdf
0554,0554_GU31.pdf,David_Bly_GU31 (3).pdf
0555,0555_GU31.pdf,David_Bly_GU31.pdf
0556,0556_GU32.pdf,David_Bly_GU32 (2).pdf
0557,0557_GU32.pdf,David_Bly_GU32 (3).pdf
0558,0558_GU32.pdf,David_Bly_GU32 (4).pdf
0559,0559_GU32.pdf,David_Bly_GU32.pdf
0560,0560_GU35.pdf,David_Bly_GU35.pdf
0561,0561_GU46.pdf,David_Bly_GU46.pdf
0562,0562_HA3.pdf,David_Bly_HA3.pdf
0563,0563_HP23.pdf,David_Bly_HP23 (2).pdf
0564,0564_HP23.pdf,David_Bly_HP23 (3).pdf
0565,0565_HP4.pdf,David_Bly_HP4.pdf
0566,0566_HP5.pdf,David_Bly_HP5 (2).pdf
0567,0567_HP5.pdf,David_Bly_HP5.pdf
0568,0568_IG1.pdf,David_Bly_IG1.pdf
0569,0569_IG5.pdf,David_Bly_IG5.pdf
0570,0570_IG6.pdf,David_Bly_IG6.pdf
0571,0571_IP28.pdf,David_Bly_IP28.pdf
0572,0572_IP4.pdf,David_Bly_IP4.pdf
0573,0573_KT10.pdf,David_Bly_KT10.pdf
0574,0574_KT17.pdf,David_Bly_KT17.pdf
0575,0575_KT18.pdf,David_Bly_KT18.pdf
0576,0576_KT6.pdf,David_Bly_KT6 (2).pdf
0577,0577_KT7.pdf,David_Bly_KT7.pdf
0578,0578_LE1.pdf,David_Bly_LE1.pdf
0579,0579_LE18.pdf,David_Bly_LE18.pdf
0580,0580_LL11.pdf,David_Bly_LL11.pdf
0581,0581_LL19.pdf,David_Bly_LL19.pdf
0582,0582_LS13.pdf,David_Bly_LS13.pdf
0583,0583_LS7.pdf,David_Bly_LS7.pdf
0584,0584_LU1.pdf,David_Bly_LU1 (10).pdf
0585,0585_LU1.pdf,David_Bly_LU1 (11).pdf
0586,0586_LU1.pdf,David_Bly_LU1 (12).pdf
0587,0587_LU1.pdf,David_Bly_LU1 (13).pdf
0588,0588_LU1.pdf,David_Bly_LU1 (14).pdf
0589,0589_LU1.pdf,David_Bly_LU1 (15).pdf
0590,0590_LU1.pdf,David_Bly_LU1 (16).pdf
0591,0591_LU1.pdf,David_Bly_LU1 (17).pdf
0592,0592_LU1.pdf,David_Bly_LU1 (18).pdf
0593,0593_LU1.pdf,David_Bly_LU1 (19).pdf
0594,0594_LU1.pdf,David_Bly_LU1 (20).pdf
0595,0595_LU1.pdf,David_Bly_LU1 (21).pdf
0596,0596_LU1.pdf,David_Bly_LU1 (22).pdf
0597,0597_LU1.pdf,David_Bly_LU1 (23).pdf
0598,0598_LU1.pdf,David_Bly_LU1 (24).pdf
0599,0599_LU1.pdf,David_Bly_LU1 (25).pdf
0600,0600_LU1.pdf,David_Bly_LU1 (26).pdf
0601,0601_LU1.pdf,David_Bly_LU1 (27).pdf
0602,0602_LU1.pdf,David_Bly_LU1 (28).pdf
0603,0603_LU1.pdf,David_Bly_LU1 (29).pdf
0604,0604_LU1.pdf,David_Bly_LU1 (3).pdf
0605,0605_LU1.pdf,David_Bly_LU1 (30).pdf
0606,0606_LU1.pdf,David_Bly_LU1 (31).pdf
0607,0607_LU1.pdf,David_Bly_LU1 (4).pdf
0608,0608_LU1.pdf,David_Bly_LU1 (5).pdf
0609,0609_LU1.pdf,David_Bly_LU1 (6).pdf
0610,0610_LU1.pdf,David_Bly_LU1 (7).pdf
0611,0611_LU1.pdf,David_Bly_LU1 (8).pdf
0612,0612_LU1.pdf,David_Bly_LU1 (9).pdf
0613,0613_LU2.pdf,David_Bly_LU2 (10).pdf
0614,0614_LU2.pdf,David_Bly_LU2 (11).pdf
0615,0615_LU2.pdf,David_Bly_LU2 (12).pdf
0616,0616_LU2.pdf,David_Bly_LU2 (13).pdf
0617,0617_LU2.pdf,David_Bly_LU2 (14).pdf
0618,0618_LU2.pdf,David_Bly_LU2 (15).pdf
0619,0619_LU2.pdf,David_Bly_LU2 (16).pdf
0620,0620_LU2.pdf,David_Bly_LU2 (17).pdf
0621,0621_LU2.pdf,David_Bly_LU2 (18).pdf
0622,0622_LU2.pdf,David_Bly_LU2 (19).pdf
0623,0623_LU2.pdf,David_Bly_LU2 (2).pdf
0624,0624_LU2.pdf,David_Bly_LU2 (20).pdf
0625,0625_LU2.pdf,David_Bly_LU2 (21).pdf
0626,0626_LU2.pdf,David_Bly_LU2 (22).pdf
0627,0627_LU2.pdf,David_Bly_LU2 (23).pdf
0628,0628_LU2.pdf,David_Bly_LU2 (24).pdf
0629,0629_LU2.pdf,David_Bly_LU2 (25).pdf
0630,0630_LU2.pdf,David_Bly_LU2 (3).pdf
0631,0631_LU2.pdf,David_Bly_LU2 (4).pdf
0632,0632_LU2.pdf,David_Bly_LU2 (5).pdf
0633,0633_LU2.pdf,David_Bly_LU2 (6).pdf
0634,0634_LU2.pdf,David_Bly_LU2 (7).pdf
0635,0635_LU2.pdf,David_Bly_LU2 (8).pdf
0636,0636_LU2.pdf,David_Bly_LU2 (9).pdf
0637,0637_LU3.pdf,David_Bly_LU3 (10).pdf
0638,0638_LU3.pdf,David_Bly_LU3 (11).pdf
0639,0639_LU3.pdf,David_Bly_LU3 (12).pdf
0640,0640_LU3.pdf,David_Bly_LU3 (13).pdf
0641,0641_LU3.pdf,David_Bly_LU3 (14).pdf
0642,0642_LU3.pdf,David_Bly_LU3 (15).pdf
0643,0643_LU3.pdf,David_Bly_LU3 (16).pdf
0644,0644_LU3.pdf,David_Bly_LU3 (17).pdf
0645,0645_LU3.pdf,David_Bly_LU3 (18).pdf
0646,0646_LU3.pdf,David_Bly_LU3 (19).pdf
0647,0647_LU3.pdf,David_Bly_LU3 (2).pdf
0648,0648_LU3.pdf,David_Bly_LU3 (20).pdf
0649,0649_LU3.pdf,David_Bly_LU3 (21).pdf
0650,0650_LU3.pdf,David_Bly_LU3 (22).pdf
0651,0651_LU3.pdf,David_Bly_LU3 (23).pdf
0652,0652_LU3.pdf,David_Bly_LU3 (24).pdf
0653,0653_LU3.pdf,David_Bly_LU3 (25).pdf
0654,0654_LU3.pdf,David_Bly_LU3 (26).pdf
0655,0655_LU3.pdf,David_Bly_LU3 (27).pdf
0656,0656_LU3.pdf,David_Bly_LU3 (28).pdf
0657,0657_LU3.pdf,David_Bly_LU3 (29).pdf
0658,0658_LU3.pdf,David_Bly_LU3 (3).pdf
0659,0659_LU3.pdf,David_Bly_LU3 (30).pdf
0660,0660_LU3.pdf,David_Bly_LU3 (31).pdf
0661,0661_LU3.pdf,David_Bly_LU3 (32).pdf
0662,0662_LU3.pdf,David_Bly_LU3 (33).pdf
0663,0663_LU3.pdf,David_Bly_LU3 (34).pdf
0664,0664_LU3.pdf,David_Bly_LU3 (35).pdf
0665,0665_LU3.pdf,David_Bly_LU3 (36).pdf
0666,0666_LU3.pdf,David_Bly_LU3 (37).pdf
0667,0667_LU3.pdf,David_Bly_LU3 (38).pdf
0668,0668_LU3.pdf,David_Bly_LU3 (39).pdf
0669,0669_LU3.pdf,David_Bly_LU3 (4).pdf
0670,0670_LU3.pdf,David_Bly_LU3 (40).pdf
0671,0671_LU3.pdf,David_Bly_LU3 (41).pdf
0672,0672_LU3.pdf,David_Bly_LU3 (42).pdf
0673,0673_LU3.pdf,David_Bly_LU3 (43).pdf
0674,0674_LU3.pdf,David_Bly_LU3 (5).pdf
0675,0675_LU3.pdf,David_Bly_LU3 (6).pdf
0676,0676_LU3.pdf,David_Bly_LU3 (7).pdf
0677,0677_LU3.pdf,David_Bly_LU3 (8).pdf
0678,0678_LU3.pdf,David_Bly_LU3 (9).pdf
0679,0679_LU4.pdf,David_Bly_LU4 (10).pdf
0680,0680_LU4.pdf,David_Bly_LU4 (11).pdf
0681,0681_LU4.pdf,David_Bly_LU4 (12).pdf
0682,0682_LU4.pdf,David_Bly_LU4 (13).pdf
0683,0683_LU4.pdf,David_Bly_LU4 (14).pdf
0684,0684_LU4.pdf,David_Bly_LU4 (15).pdf
0685,0685_LU4.pdf,David_Bly_LU4 (16).pdf
0686,0686_LU4.pdf,David_Bly_LU4 (17).pdf
0687,0687_LU4.pdf,David_Bly_LU4 (18).pdf
0688,0688_LU4.pdf,David_Bly_LU4 (19).pdf
0689,0689_LU4.pdf,David_Bly_LU4 (2).pdf
0690,0690_LU4.pdf,David_Bly_LU4 (20).pdf
0691,0691_LU4.pdf,David_Bly_LU4 (21).pdf
0692,0692_LU4.pdf,David_Bly_LU4 (22).pdf
0693,0693_LU4.pdf,David_Bly_LU4 (23).pdf
0694,0694_LU4.pdf,David_Bly_LU4 (24).pdf
0695,0695_LU4.pdf,David_Bly_LU4 (3).pdf
0696,0696_LU4.pdf,David_Bly_LU4 (4).pdf
0697,0697_LU4.pdf,David_Bly_LU4 (5).pdf
0698,0698_LU4.pdf,David_Bly_LU4 (6).pdf
0699,0699_LU4.pdf,David_Bly_LU4 (7).pdf
0700,0700_LU4.pdf,David_Bly_LU4 (8).pdf
0701,0701_LU4.pdf,David_Bly_LU4 (9).pdf
0702,0702_ME1 (2) 1.pdf,David_Bly_ME1 (2) 1.pdf
0703,0703_ME1.pdf,David_Bly_ME1 (2).pdf
0704,0704_ME1.pdf,David_Bly_ME1 (3).pdf
0705,0705_ME1.pdf,David_Bly_ME1 (4).pdf
0706,0706_ME1.pdf,David_Bly_ME1 (5).pdf
0707,0707_ME1 1.pdf,David_Bly_ME1 1.pdf
0708,0708_ME12.pdf,David_Bly_ME12.pdf
0709,0709_ME2.pdf,David_Bly_ME2 (3).pdf
0710,0710_ME2.pdf,David_Bly_ME2 (4).pdf
0711,0711_ME2.pdf,David_Bly_ME2 (5).pdf
0712,0712_ME2.pdf,David_Bly_ME2 (6).pdf
0713,0713_ME2 1.pdf,David_Bly_ME2 1.pdf
0714,0714_ME3.pdf,David_Bly_ME3 (2).pdf
0715,0715_ME3.pdf,David_Bly_ME3 (3).pdf
0716,0716_ME4 (2) 1.pdf,David_Bly_ME4 (2) 1.pdf
0717,0717_ME4.pdf,David_Bly_ME4 (2).pdf
0718,0718_ME4.pdf,David_Bly_ME4 (3).pdf
0719,0719_ME4.pdf,David_Bly_ME4 (4).pdf
0720,0720_ME4.pdf,David_Bly_ME4 (5).pdf
0721,0721_ME4.pdf,David_Bly_ME4 (6).pdf
0722,0722_ME4.pdf,David_Bly_ME4 (7).pdf
0723,0723_ME4.pdf,David_Bly_ME4 (8).pdf
0724,0724_ME4 1.pdf,David_Bly_ME4 1.pdf
0725,0725_ME5.pdf,David_Bly_ME5 (2).pdf
0726,0726_ME5.pdf,David_Bly_ME5 (3).pdf
0727,0727_ME5.pdf,David_Bly_ME5 (4).pdf
0728,0728_ME5.pdf,David_Bly_ME5 (5).pdf
0729,0729_ME5.pdf,David_Bly_ME5 (6).pdf
0730,0730_ME5.pdf,David_Bly_ME5 (7).pdf
0731,0731_ME5.pdf,David_Bly_ME5 (8).pdf
0732,0732_ME7.pdf,David_Bly_ME7.pdf
0733,0733_N16.pdf,David_Bly_N16 (2).pdf
0734,0734_N2.pdf,David_Bly_N2.pdf
0735,0735_NG11.pdf,David_Bly_NG11 (2).pdf
0736,0736_NG11.pdf,David_Bly_NG11 (3).pdf
0737,0737_NG11.pdf,David_Bly_NG11.pdf
0738,0738_NG2.pdf,David_Bly_NG2 (2).pdf
0739,0739_NG2.pdf,David_Bly_NG2.pdf
0740,0740_NG3.pdf,David_Bly_NG3.pdf
0741,0741_NG5.pdf,David_Bly_NG5 (2).pdf
0742,0742_NG5.pdf,David_Bly_NG5.pdf
0743,0743_NG9.pdf,David_Bly_NG9.pdf
0744,0744_NR10.pdf,David_Bly_NR10 (2).pdf
0745,0745_NR10.pdf,David_Bly_NR10.pdf
0746,0746_NR25.pdf,David_Bly_NR25.pdf
0747,0747_NW1.pdf,David_Bly_NW1 (2).pdf
0748,0748_NW1.pdf,David_Bly_NW1.pdf
0749,0749_NW6.pdf,David_Bly_NW6 (2).pdf
0750,0750_NW6.pdf,David_Bly_NW6.pdf
0751,0751_NW7.pdf,David_Bly_NW7.pdf
0752,0752_OX12.pdf,David_Bly_OX12.pdf
0753,0753_OX27.pdf,David_Bly_OX27.pdf
0754,0754_PO1.pdf,David_Bly_PO1 (2).pdf
0755,0755_PO1.pdf,David_Bly_PO1 (3).pdf
0756,0756_PO1.pdf,David_Bly_PO1 (4).pdf
0757,0757_PO1.pdf,David_Bly_PO1 (5).pdf
0758,0758_PO1.pdf,David_Bly_PO1.pdf
0759,0759_PO11.pdf,David_Bly_PO11 (2).pdf
0760,0760_PO11.pdf,David_Bly_PO11 (3).pdf
0761,0761_PO12.pdf,David_Bly_PO12 (2).pdf
0762,0762_PO12.pdf,David_Bly_PO12.pdf
0763,0763_PO13.pdf,David_Bly_PO13.pdf
0764,0764_PO16.pdf,David_Bly_PO16 (2).pdf
0765,0765_PO16.pdf,David_Bly_PO16 (3).pdf
0766,0766_PO16.pdf,David_Bly_PO16.pdf
0767,0767_PO19.pdf,David_Bly_PO19 (2).pdf
0768,0768_PO19.pdf,David_Bly_PO19 (3).pdf
0769,0769_PO2.pdf,David_Bly_PO2 (2).pdf
0770,0770_PO2.pdf,David_Bly_PO2 (3).pdf
0771,0771_PO2.pdf,David_Bly_PO2 (4).pdf
0772,0772_PO2.pdf,David_Bly_PO2 (5).pdf
0773,0773_PO2.pdf,David_Bly_PO2 (6).pdf
0774,0774_PO2.pdf,David_Bly_PO2 (7).pdf
0775,0775_PO2.pdf,David_Bly_PO2.pdf
0776,0776_PO20.pdf,David_Bly_PO20 (2).pdf
0777,0777_PO20.pdf,David_Bly_PO20.pdf
0778,0778_PO21.pdf,David_Bly_PO21 (10).pdf
0779,0779_PO21.pdf,David_Bly_PO21 (11).pdf
0780,0780_PO21.pdf,David_Bly_PO21 (12).pdf
0781,0781_PO21.pdf,David_Bly_PO21 (13).pdf
0782,0782_PO21.pdf,David_Bly_PO21 (14).pdf
0783,0783_PO21.pdf,David_Bly_PO21 (15).pdf
0784,0784_PO21.pdf,David_Bly_PO21 (16).pdf
0785,0785_PO21.pdf,David_Bly_PO21 (17).pdf
0786,0786_PO21.pdf,David_Bly_PO21 (18).pdf
0787,0787_PO21.pdf,David_Bly_PO21 (19).pdf
0788,0788_PO21.pdf,David_Bly_PO21 (20).pdf
0789,0789_PO21.pdf,David_Bly_PO21 (21).pdf
0790,0790_PO21.pdf,David_Bly_PO21 (22).pdf
0791,0791_PO21.pdf,David_Bly_PO21 (23).pdf
0792,0792_PO21.pdf,David_Bly_PO21 (24).pdf
0793,0793_PO21.pdf,David_Bly_PO21 (25).pdf
0794,0794_PO21.pdf,David_Bly_PO21 (26).pdf
0795,0795_PO21.pdf,David_Bly_PO21 (3).pdf
0796,0796_PO21.pdf,David_Bly_PO21 (4).pdf
0797,0797_PO21.pdf,David_Bly_PO21 (5).pdf
0798,0798_PO21.pdf,David_Bly_PO21 (6).pdf
0799,0799_PO21.pdf,David_Bly_PO21 (7).pdf
0800,0800_PO21.pdf,David_Bly_PO21 (8).pdf
0801,0801_PO21.pdf,David_Bly_PO21 (9).pdf
0802,0802_PO22.pdf,David_Bly_PO22 (10).pdf
0803,0803_PO22.pdf,David_Bly_PO22 (11).pdf
0804,0804_PO22.pdf,David_Bly_PO22 (12).pdf
0805,0805_PO22.pdf,David_Bly_PO22 (13).pdf
0806,0806_PO22.pdf,David_Bly_PO22 (3).pdf
0807,0807_PO22.pdf,David_Bly_PO22 (4).pdf
0808,0808_PO22.pdf,David_Bly_PO22 (5).pdf
0809,0809_PO22.pdf,David_Bly_PO22 (6).pdf
0810,0810_PO22.pdf,David_Bly_PO22 (7).pdf
0811,0811_PO22.pdf,David_Bly_PO22 (8).pdf
0812,0812_PO22.pdf,David_Bly_PO22 (9).pdf
0813,0813_PO22 1.pdf,David_Bly_PO22 1.pdf
0814,0814_PO3.pdf,David_Bly_PO3.pdf
0815,0815_PO4.pdf,David_Bly_PO4 (3).pdf
0816,0816_PO5.pdf,David_Bly_PO5 (2).pdf
0817,0817_PO5.pdf,David_Bly_PO5 (3).pdf
0818,0818_PO5.pdf,David_Bly_PO5 (4).pdf
0819,0819_PO5.pdf,David_Bly_PO5 (5).pdf
0820,0820_PO5.pdf,David_Bly_PO5 (6).pdf
0821,0821_PO5.pdf,David_Bly_PO5 (7).pdf
0822,0822_PO5.pdf,David_Bly_PO5 (8).pdf
0823,0823_PO5.pdf,David_Bly_PO5.pdf
0824,0824_PO6.pdf,David_Bly_PO6 (2).pdf
0825,0825_PO6.pdf,David_Bly_PO6 (3).pdf
0826,0826_PO6.pdf,David_Bly_PO6 (4).pdf
0827,0827_PO6.pdf,David_Bly_PO6.pdf
0828,0828_PO7.pdf,David_Bly_PO7 (2).pdf
0829,0829_PO7.pdf,David_Bly_PO7 (3).pdf
0830,0830_PO7.pdf,David_Bly_PO7 (4).pdf
0831,0831_PO7 1.pdf,David_Bly_PO7 1.pdf
0832,0832_PO8.pdf,David_Bly_PO8 (2).pdf
0833,0833_PO8.pdf,David_Bly_PO8 (3).pdf
0834,0834_PO8.pdf,David_Bly_PO8.pdf
0835,0835_PO9.pdf,David_Bly_PO9 (2).pdf
0836,0836_RG10.pdf,David_Bly_RG10.pdf
0837,0837_RG12.pdf,David_Bly_RG12.pdf
0838,0838_RG20.pdf,David_Bly_RG20.pdf
0839,0839_RG21.pdf,David_Bly_RG21 (2).pdf
0840,0840_RG21.pdf,David_Bly_RG21 (3).pdf
0841,0841_RG21.pdf,David_Bly_RG21 (4).pdf
0842,0842_RG21.pdf,David_Bly_RG21.pdf
0843,0843_RG23.pdf,David_Bly_RG23 (1).pdf
0844,0844_RG23.pdf,David_Bly_RG23 (2).pdf
0845,0845_RG23.pdf,David_Bly_RG23.pdf
0846,0846_RG24.pdf,David_Bly_RG24 (2).pdf
0847,0847_RG24.pdf,David_Bly_RG24 (3).pdf
0848,0848_RG24.pdf,David_Bly_RG24.pdf
0849,0849_RG25.pdf,David_Bly_RG25.pdf
0850,0850_RG26.pdf,David_Bly_RG26 (2).pdf
0851,0851_RG26.pdf,David_Bly_RG26.pdf
0852,0852_RG27.pdf,David_Bly_RG27 (2).pdf
0853,0853_RG27.pdf,David_Bly_RG27 (3).pdf
0854,0854_RG27.pdf,David_Bly_RG27 (4).pdf
0855,0855_RG27.pdf,David_Bly_RG27 (5).pdf
0856,0856_RG28.pdf,David_Bly_RG28 (1).pdf
0857,0857_RG28.pdf,David_Bly_RG28.pdf
0858,0858_RG29.pdf,David_Bly_RG29 (2).pdf
0859,0859_RG29.pdf,David_Bly_RG29.pdf
0860,0860_RG42.pdf,David_Bly_RG42.pdf
0861,0861_RG7.pdf,David_Bly_RG7.pdf
0862,0862_RH10.pdf,David_Bly_RH10 (3).pdf
0863,0863_RH10.pdf,David_Bly_RH10 (4).pdf
0864,0864_RH11.pdf,David_Bly_RH11 (2).pdf
0865,0865_RH11.pdf,David_Bly_RH11.pdf
0866,0866_RH16.pdf,David_Bly_RH16.pdf
0867,0867_RH17.pdf,David_Bly_RH17 (2).pdf
0868,0868_RH17.pdf,David_Bly_RH17 (3).pdf
0869,0869_RH17.pdf,David_Bly_RH17.pdf
0870,0870_RH4.pdf,David_Bly_RH4 (2).pdf
0871,0871_RH4.pdf,David_Bly_RH4 (3).pdf
0872,0872_RH4.pdf,David_Bly_RH4.pdf
0873,0873_RM11.pdf,David_Bly_RM11.pdf
0874,0874_RM13.pdf,David_Bly_RM13 (2).pdf
0875,0875_RM7.pdf,David_Bly_RM7.pdf
0876,0876_SE10.pdf,David_Bly_SE10 (2).pdf
0877,0877_SE10.pdf,David_Bly_SE10.pdf
0878,0878_SE15.pdf,David_Bly_SE15.pdf
0879,0879_SE22.pdf,David_Bly_SE22.pdf
0880,0880_SE25.pdf,David_Bly_SE25 (2).pdf
0881,0881_SE26.pdf,David_Bly_SE26.pdf
0882,0882_SE5.pdf,David_Bly_SE5 (2).pdf
0883,0883_SE8.pdf,David_Bly_SE8.pdf
0884,0884_SG1.pdf,David_Bly_SG1 (2).pdf
0885,0885_SG1.pdf,David_Bly_SG1.pdf
0886,0886_SG6.pdf,David_Bly_SG6 (2).pdf
0887,0887_SG6.pdf,David_Bly_SG6 (3).pdf
0888,0888_SG6.pdf,David_Bly_SG6.pdf
0889,0889_SL1.pdf,David_Bly_SL1.pdf
0890,0890_SM6.pdf,David_Bly_SM6 (2).pdf
0891,0891_SM6.pdf,David_Bly_SM6 (3).pdf
0892,0892_SM6.pdf,David_Bly_SM6.pdf
0893,0893_SN10 (2) 1.pdf,David_Bly_SN10 (2) 1.pdf
0894,0894_SN10.pdf,David_Bly_SN10 (3).pdf
0895,0895_SN10 1.pdf,David_Bly_SN10 1.pdf
0896,0896_SO15.pdf,David_Bly_SO15 (2).pdf
0897,0897_SO15.pdf,David_Bly_SO15 (3).pdf
0898,0898_SO15.pdf,David_Bly_SO15.pdf
0899,0899_SO17.pdf,David_Bly_SO17 (2).pdf
0900,0900_SO17.pdf,David_Bly_SO17.pdf
0901,0901_SO18.pdf,David_Bly_SO18 (10).pdf
0902,0902_SO18.pdf,David_Bly_SO18 (2).pdf
0903,0903_SO18.pdf,David_Bly_SO18 (3).pdf
0904,0904_SO18.pdf,David_Bly_SO18 (4).pdf
0905,0905_SO18.pdf,David_Bly_SO18 (5).pdf
0906,0906_SO18.pdf,David_Bly_SO18 (6).pdf
0907,0907_SO18.pdf,David_Bly_SO18 (7).pdf
0908,0908_SO18.pdf,David_Bly_SO18 (8).pdf
0909,0909_SO18.pdf,David_Bly_SO18 (9).pdf
0910,0910_SO19.pdf,David_Bly_SO19 (2).pdf
0911,0911_SO19.pdf,David_Bly_SO19.pdf
0912,0912_SO20.pdf,David_Bly_SO20.pdf
0913,0913_SO26.pdf,David_Bly_SO26.pdf
0914,0914_SO30.pdf,David_Bly_SO30 (2).pdf
0915,0915_SO30.pdf,David_Bly_SO30 (3).pdf
0916,0916_SO30.pdf,David_Bly_SO30 (4).pdf
0917,0917_SO30.pdf,David_Bly_SO30 (5).pdf
0918,0918_SO30.pdf,David_Bly_SO30 (6).pdf
0919,0919_SO30.pdf,David_Bly_SO30 (7).pdf
0920,0920_SO30.pdf,David_Bly_SO30.pdf
0921,0921_SO31.pdf,David_Bly_SO31 (2).pdf
0922,0922_SO31.pdf,David_Bly_SO31 (3).pdf
0923,0923_SO31.pdf,David_Bly_SO31.pdf
0924,0924_SO32.pdf,David_Bly_SO32.pdf
0925,0925_SO42.pdf,David_Bly_SO42.pdf
0926,0926_SO45.pdf,David_Bly_SO45 (2).pdf
0927,0927_SO45.pdf,David_Bly_SO45.pdf
0928,0928_SO50.pdf,David_Bly_SO50 (2).pdf
0929,0929_SO50.pdf,David_Bly_SO50 (3).pdf
0930,0930_SO50.pdf,David_Bly_SO50 (4).pdf
0931,0931_SO50.pdf,David_Bly_SO50 (5).pdf
0932,0932_SO50.pdf,David_Bly_SO50.pdf
0933,0933_SO51 1.pdf,David_Bly_SO51 1.pdf
0934,0934_SO53.pdf,David_Bly_SO53 (2).pdf
0935,0935_SO53.pdf,David_Bly_SO53.pdf
0936,0936_SP10.pdf,David_Bly_SP10 (2).pdf
0937,0937_SP10.pdf,David_Bly_SP10.pdf
0938,0938_SP7.pdf,David_Bly_SP7.pdf
0939,0939_SS13.pdf,David_Bly_SS13 (2).pdf
0940,0940_SS14.pdf,David_Bly_SS14 (2).pdf
0941,0941_SS14.pdf,David_Bly_SS14.pdf
0942,0942_SS3.pdf,David_Bly_SS3 (2).pdf
0943,0943_SS3.pdf,David_Bly_SS3.pdf
0944,0944_SS6.pdf,David_Bly_SS6 (2).pdf
0945,0945_SS6.pdf,David_Bly_SS6.pdf
0946,0946_SW1X.pdf,David_Bly_SW1X.pdf
0947,0947_SW2.pdf,David_Bly_SW2.pdf
0948,0948_SW6.pdf,David_Bly_SW6 (10).pdf
0949,0949_SW6 (5) 1.pdf,David_Bly_SW6 (5) 1.pdf
0950,0950_SW6.pdf,David_Bly_SW6 (6).pdf
0951,0951_SW6.pdf,David_Bly_SW6 (7).pdf
0952,0952_SW6.pdf,David_Bly_SW6 (8).pdf
0953,0953_SW6.pdf,David_Bly_SW6 (9).pdf
0954,0954_SW9.pdf,David_Bly_SW9.pdf
0955,0955_So53.pdf,David_Bly_So53 (3).pdf
0956,0956_TA6.pdf,David_Bly_TA6 (16).pdf
0957,0957_TA6.pdf,David_Bly_TA6 (17).pdf
0958,0958_TA6.pdf,David_Bly_TA6 (18).pdf
0959,0959_TA6.pdf,David_Bly_TA6 (19).pdf
0960,0960_TA6.pdf,David_Bly_TA6 (20).pdf
0961,0961_TA6.pdf,David_Bly_TA6 (21).pdf
0962,0962_TA7.pdf,David_Bly_TA7 (3).pdf
0963,0963_TA7.pdf,David_Bly_TA7 (4).pdf
0964,0964_TA8.pdf,David_Bly_TA8 (4).pdf
0965,0965_TA9.pdf,David_Bly_TA9 (10).pdf
0966,0966_TA9.pdf,David_Bly_TA9 (11).pdf
0967,0967_TA9.pdf,David_Bly_TA9 (12).pdf
0968,0968_TA9.pdf,David_Bly_TA9 (9).pdf
0969,0969_TN10.pdf,David_Bly_TN10.pdf
0970,0970_TN12.pdf,David_Bly_TN12 (2).pdf
0971,0971_TN12.pdf,David_Bly_TN12.pdf
0972,0972_TN13.pdf,David_Bly_TN13.pdf
0973,0973_TN15.pdf,David_Bly_TN15 (2).pdf
0974,0974_TN15.pdf,David_Bly_TN15 (3).pdf
0975,0975_TN15.pdf,David_Bly_TN15.pdf
0976,0976_TN16.pdf,David_Bly_TN16 (2).pdf
0977,0977_TN23.pdf,David_Bly_TN23 (2).pdf
0978,0978_TN23.pdf,David_Bly_TN23 (3).pdf
0979,0979_TN23.pdf,David_Bly_TN23 (4).pdf
0980,0980_TN23.pdf,David_Bly_TN23.pdf
0981,0981_TN24.pdf,David_Bly_TN24 (2).pdf
0982,0982_TN35.pdf,David_Bly_TN35.pdf
0983,0983_TN40.pdf,David_Bly_TN40.pdf
0984,0984_TN6.pdf,David_Bly_TN6.pdf
0985,0985_TN8.pdf,David_Bly_TN8.pdf
0986,0986_TN9.pdf,David_Bly_TN9 (2).pdf
0987,0987_TQ4.pdf,David_Bly_TQ4.pdf
0988,0988_TW1.pdf,David_Bly_TW1.pdf
0989,0989_TW6.pdf,David_Bly_TW6.pdf
0990,0990_TW8.pdf,David_Bly_TW8.pdf
0991,0991_TW9.pdf,David_Bly_TW9.pdf
0992,0992_W1B.pdf,David_Bly_W1B.pdf
0993,0993_W2.pdf,David_Bly_W2 (2).pdf
0994,0994_W2.pdf,David_Bly_W2 (3).pdf
0995,0995_W6.pdf,David_Bly_W6 (3).pdf
0996,0996_W6.pdf,David_Bly_W6 (4).pdf
0997,0997_W6.pdf,David_Bly_W6 (5).pdf
0998,0998_W6 1.pdf,David_Bly_W6 1.pdf
0999,0999_WC1N.pdf,David_Bly_WC1N.pdf
1000,1000_WD7.pdf,David_Bly_WD7.pdf
